Reviewid,Sentiment
Review_11001,good
Review_11002,bad
Review_11003,bad
Review_11004,good
Review_11005,good
Review_11006,good
Review_11007,good
Review_11008,good
Review_11009,good
Review_11010,excellent
Review_11011,good
Review_11012,good
Review_11013,good
Review_11014,good
Review_11015,good
Review_11016,good
Review_11017,excellent
Review_11018,good
Review_11019,good
Review_11020,good
Review_11021,good
Review_11022,good
Review_11023,excellent
Review_11024,good
Review_11025,good
Review_11026,good
Review_11027,good
Review_11028,good
Review_11029,excellent
Review_11030,good
Review_11031,good
Review_11032,good
Review_11033,good
Review_11034,good
Review_11035,excellent
Review_11036,good
Review_11037,excellent
Review_11038,good
Review_11039,good
Review_11040,good
Review_11041,good
Review_11042,good
Review_11043,good
Review_11044,good
Review_11045,good
Review_11046,good
Review_11047,good
Review_11048,good
Review_11049,good
Review_11050,good
Review_11051,good
Review_11052,excellent
Review_11053,excellent
Review_11054,good
Review_11055,good
Review_11056,excellent
Review_11057,bad
Review_11058,good
Review_11059,excellent
Review_11060,good
Review_11061,excellent
Review_11062,good
Review_11063,excellent
Review_11064,good
Review_11065,good
Review_11066,good
Review_11067,good
Review_11068,good
Review_11069,good
Review_11070,good
Review_11071,good
Review_11072,good
Review_11073,good
Review_11074,bad
Review_11075,good
Review_11076,good
Review_11077,good
Review_11078,good
Review_11079,good
Review_11080,good
Review_11081,excellent
Review_11082,good
Review_11083,good
Review_11084,good
Review_11085,good
Review_11086,excellent
Review_11087,excellent
Review_11088,good
Review_11089,good
Review_11090,good
Review_11091,good
Review_11092,good
Review_11093,good
Review_11094,good
Review_11095,good
Review_11096,excellent
Review_11097,excellent
Review_11098,excellent
Review_11099,excellent
Review_11100,good
Review_11101,excellent
Review_11102,good
Review_11103,good
Review_11104,good
Review_11105,good
Review_11106,good
Review_11107,good
Review_11108,good
Review_11109,good
Review_11110,good
Review_11111,good
Review_11112,excellent
Review_11113,good
Review_11114,good
Review_11115,good
Review_11116,bad
Review_11117,bad
Review_11118,bad
Review_11119,good
Review_11120,excellent
Review_11121,good
Review_11122,good
Review_11123,good
Review_11124,good
Review_11125,good
Review_11126,bad
Review_11127,good
Review_11128,bad
Review_11129,good
Review_11130,good
Review_11131,good
Review_11132,good
Review_11133,good
Review_11134,good
Review_11135,excellent
Review_11136,good
Review_11137,good
Review_11138,good
Review_11139,good
Review_11140,good
Review_11141,good
Review_11142,good
Review_11143,good
Review_11144,good
Review_11145,good
Review_11146,good
Review_11147,good
Review_11148,good
Review_11149,excellent
Review_11150,bad
Review_11151,good
Review_11152,excellent
Review_11153,good
Review_11154,good
Review_11155,good
Review_11156,good
Review_11157,good
Review_11158,good
Review_11159,good
Review_11160,good
Review_11161,good
Review_11162,good
Review_11163,good
Review_11164,bad
Review_11165,bad
Review_11166,good
Review_11167,good
Review_11168,good
Review_11169,bad
Review_11170,good
Review_11171,bad
Review_11172,good
Review_11173,bad
Review_11174,good
Review_11175,good
Review_11176,good
Review_11177,good
Review_11178,bad
Review_11179,good
Review_11180,good
Review_11181,good
Review_11182,good
Review_11183,good
Review_11184,bad
Review_11185,good
Review_11186,bad
Review_11187,excellent
Review_11188,bad
Review_11189,good
Review_11190,good
Review_11191,excellent
Review_11192,good
Review_11193,good
Review_11194,good
Review_11195,good
Review_11196,good
Review_11197,good
Review_11198,excellent
Review_11199,good
Review_11200,excellent
Review_11201,good
Review_11202,good
Review_11203,good
Review_11204,good
Review_11205,good
Review_11206,good
Review_11207,good
Review_11208,good
Review_11209,good
Review_11210,good
Review_11211,good
Review_11212,good
Review_11213,good
Review_11214,excellent
Review_11215,good
Review_11216,good
Review_11217,good
Review_11218,good
Review_11219,bad
Review_11220,good
Review_11221,bad
Review_11222,good
Review_11223,excellent
Review_11224,excellent
Review_11225,excellent
Review_11226,good
Review_11227,good
Review_11228,excellent
Review_11229,excellent
Review_11230,excellent
Review_11231,excellent
Review_11232,good
Review_11233,excellent
Review_11234,excellent
Review_11235,good
Review_11236,excellent
Review_11237,excellent
Review_11238,good
Review_11239,excellent
Review_11240,good
Review_11241,excellent
Review_11242,excellent
Review_11243,excellent
Review_11244,good
Review_11245,excellent
Review_11246,excellent
Review_11247,excellent
Review_11248,good
Review_11249,excellent
Review_11250,good
Review_11251,excellent
Review_11252,good
Review_11253,excellent
Review_11254,excellent
Review_11255,excellent
Review_11256,good
Review_11257,excellent
Review_11258,excellent
Review_11259,excellent
Review_11260,excellent
Review_11261,good
Review_11262,good
Review_11263,excellent
Review_11264,excellent
Review_11265,excellent
Review_11266,excellent
Review_11267,good
Review_11268,excellent
Review_11269,excellent
Review_11270,excellent
Review_11271,excellent
Review_11272,excellent
Review_11273,good
Review_11274,excellent
Review_11275,good
Review_11276,good
Review_11277,excellent
Review_11278,excellent
Review_11279,good
Review_11280,good
Review_11281,bad
Review_11282,good
Review_11283,good
Review_11284,bad
Review_11285,good
Review_11286,good
Review_11287,good
Review_11288,good
Review_11289,good
Review_11290,good
Review_11291,good
Review_11292,bad
Review_11293,good
Review_11294,bad
Review_11295,good
Review_11296,good
Review_11297,bad
Review_11298,excellent
Review_11299,bad
Review_11300,bad
Review_11301,excellent
Review_11302,good
Review_11303,bad
Review_11304,good
Review_11305,good
Review_11306,excellent
Review_11307,good
Review_11308,good
Review_11309,excellent
Review_11310,good
Review_11311,good
Review_11312,good
Review_11313,good
Review_11314,bad
Review_11315,bad
Review_11316,good
Review_11317,good
Review_11318,bad
Review_11319,good
Review_11320,excellent
Review_11321,excellent
Review_11322,good
Review_11323,good
Review_11324,good
Review_11325,good
Review_11326,good
Review_11327,good
Review_11328,good
Review_11329,good
Review_11330,excellent
Review_11331,good
Review_11332,good
Review_11333,excellent
Review_11334,good
Review_11335,good
Review_11336,good
Review_11337,good
Review_11338,good
Review_11339,good
Review_11340,good
Review_11341,good
Review_11342,good
Review_11343,good
Review_11344,good
Review_11345,good
Review_11346,good
Review_11347,good
Review_11348,good
Review_11349,good
Review_11350,bad
Review_11351,good
Review_11352,good
Review_11353,good
Review_11354,excellent
Review_11355,good
Review_11356,bad
Review_11357,good
Review_11358,bad
Review_11359,good
Review_11360,good
Review_11361,good
Review_11362,good
Review_11363,bad
Review_11364,good
Review_11365,good
Review_11366,excellent
Review_11367,good
Review_11368,good
Review_11369,excellent
Review_11370,good
Review_11371,good
Review_11372,excellent
Review_11373,good
Review_11374,excellent
Review_11375,excellent
Review_11376,good
Review_11377,good
Review_11378,excellent
Review_11379,excellent
Review_11380,bad
Review_11381,good
Review_11382,good
Review_11383,good
Review_11384,good
Review_11385,good
Review_11386,bad
Review_11387,good
Review_11388,good
Review_11389,bad
Review_11390,excellent
Review_11391,good
Review_11392,good
Review_11393,good
Review_11394,good
Review_11395,good
Review_11396,excellent
Review_11397,good
Review_11398,good
Review_11399,good
Review_11400,good
Review_11401,good
Review_11402,good
Review_11403,good
Review_11404,good
Review_11405,good
Review_11406,good
Review_11407,excellent
Review_11408,good
Review_11409,bad
Review_11410,bad
Review_11411,good
Review_11412,excellent
Review_11413,good
Review_11414,excellent
Review_11415,good
Review_11416,good
Review_11417,good
Review_11418,excellent
Review_11419,good
Review_11420,good
Review_11421,excellent
Review_11422,good
Review_11423,excellent
Review_11424,excellent
Review_11425,good
Review_11426,excellent
Review_11427,good
Review_11428,excellent
Review_11429,good
Review_11430,good
Review_11431,good
Review_11432,good
Review_11433,good
Review_11434,bad
Review_11435,excellent
Review_11436,good
Review_11437,good
Review_11438,good
Review_11439,excellent
Review_11440,good
Review_11441,excellent
Review_11442,good
Review_11443,good
Review_11444,excellent
Review_11445,good
Review_11446,good
Review_11447,good
Review_11448,good
Review_11449,good
Review_11450,good
Review_11451,excellent
Review_11452,excellent
Review_11453,good
Review_11454,good
Review_11455,good
Review_11456,good
Review_11457,excellent
Review_11458,good
Review_11459,good
Review_11460,good
Review_11461,excellent
Review_11462,excellent
Review_11463,good
Review_11464,excellent
Review_11465,good
Review_11466,excellent
Review_11467,excellent
Review_11468,good
Review_11469,excellent
Review_11470,good
Review_11471,bad
Review_11472,good
Review_11473,good
Review_11474,good
Review_11475,good
Review_11476,good
Review_11477,excellent
Review_11478,good
Review_11479,good
Review_11480,good
Review_11481,bad
Review_11482,excellent
Review_11483,good
Review_11484,bad
Review_11485,good
Review_11486,good
Review_11487,excellent
Review_11488,bad
Review_11489,good
Review_11490,good
Review_11491,good
Review_11492,good
Review_11493,bad
Review_11494,good
Review_11495,bad
Review_11496,excellent
Review_11497,good
Review_11498,good
Review_11499,good
Review_11500,good
Review_11501,good
Review_11502,good
Review_11503,bad
Review_11504,good
Review_11505,excellent
Review_11506,good
Review_11507,excellent
Review_11508,bad
Review_11509,good
Review_11510,good
Review_11511,good
Review_11512,good
Review_11513,good
Review_11514,good
Review_11515,good
Review_11516,good
Review_11517,good
Review_11518,good
Review_11519,good
Review_11520,good
Review_11521,good
Review_11522,good
Review_11523,good
Review_11524,good
Review_11525,good
Review_11526,good
Review_11527,good
Review_11528,good
Review_11529,good
Review_11530,good
Review_11531,good
Review_11532,good
Review_11533,good
Review_11534,good
Review_11535,good
Review_11536,good
Review_11537,good
Review_11538,excellent
Review_11539,good
Review_11540,bad
Review_11541,excellent
Review_11542,excellent
Review_11543,bad
Review_11544,excellent
Review_11545,good
Review_11546,good
Review_11547,bad
Review_11548,good
Review_11549,excellent
Review_11550,good
Review_11551,bad
Review_11552,bad
Review_11553,good
Review_11554,good
Review_11555,good
Review_11556,excellent
Review_11557,good
Review_11558,good
Review_11559,good
Review_11560,excellent
Review_11561,good
Review_11562,good
Review_11563,good
Review_11564,good
Review_11565,good
Review_11566,good
Review_11567,good
Review_11568,good
Review_11569,good
Review_11570,excellent
Review_11571,good
Review_11572,good
Review_11573,good
Review_11574,good
Review_11575,good
Review_11576,good
Review_11577,good
Review_11578,good
Review_11579,good
Review_11580,excellent
Review_11581,excellent
Review_11582,excellent
Review_11583,good
Review_11584,good
Review_11585,excellent
Review_11586,excellent
Review_11587,excellent
Review_11588,bad
Review_11589,good
Review_11590,good
Review_11591,good
Review_11592,bad
Review_11593,good
Review_11594,excellent
Review_11595,good
Review_11596,good
Review_11597,good
Review_11598,bad
Review_11599,excellent
Review_11600,bad
Review_11601,good
Review_11602,good
Review_11603,good
Review_11604,excellent
Review_11605,good
Review_11606,good
Review_11607,good
Review_11608,good
Review_11609,good
Review_11610,good
Review_11611,good
Review_11612,good
Review_11613,good
Review_11614,good
Review_11615,excellent
Review_11616,good
Review_11617,good
Review_11618,bad
Review_11619,bad
Review_11620,good
Review_11621,excellent
Review_11622,good
Review_11623,good
Review_11624,good
Review_11625,good
Review_11626,good
Review_11627,good
Review_11628,bad
Review_11629,good
Review_11630,excellent
Review_11631,good
Review_11632,good
Review_11633,good
Review_11634,good
Review_11635,bad
Review_11636,good
Review_11637,good
Review_11638,good
Review_11639,good
Review_11640,bad
Review_11641,good
Review_11642,bad
Review_11643,good
Review_11644,excellent
Review_11645,excellent
Review_11646,good
Review_11647,good
Review_11648,good
Review_11649,good
Review_11650,bad
Review_11651,bad
Review_11652,excellent
Review_11653,bad
Review_11654,good
Review_11655,good
Review_11656,good
Review_11657,good
Review_11658,good
Review_11659,bad
Review_11660,bad
Review_11661,good
Review_11662,bad
Review_11663,good
Review_11664,good
Review_11665,good
Review_11666,good
Review_11667,good
Review_11668,good
Review_11669,good
Review_11670,excellent
Review_11671,good
Review_11672,good
Review_11673,bad
Review_11674,excellent
Review_11675,excellent
Review_11676,good
Review_11677,excellent
Review_11678,good
Review_11679,good
Review_11680,good
Review_11681,good
Review_11682,good
Review_11683,excellent
Review_11684,good
Review_11685,excellent
Review_11686,excellent
Review_11687,excellent
Review_11688,excellent
Review_11689,good
Review_11690,good
Review_11691,good
Review_11692,good
Review_11693,good
Review_11694,good
Review_11695,bad
Review_11696,good
Review_11697,good
Review_11698,good
Review_11699,good
Review_11700,good
Review_11701,good
Review_11702,good
Review_11703,excellent
Review_11704,good
Review_11705,good
Review_11706,excellent
Review_11707,good
Review_11708,good
Review_11709,good
Review_11710,good
Review_11711,bad
Review_11712,excellent
Review_11713,excellent
Review_11714,good
Review_11715,good
Review_11716,good
Review_11717,bad
Review_11718,excellent
Review_11719,excellent
Review_11720,excellent
Review_11721,good
Review_11722,good
Review_11723,good
Review_11724,good
Review_11725,good
Review_11726,good
Review_11727,excellent
Review_11728,good
Review_11729,good
Review_11730,good
Review_11731,excellent
Review_11732,good
Review_11733,excellent
Review_11734,good
Review_11735,good
Review_11736,good
Review_11737,good
Review_11738,good
Review_11739,excellent
Review_11740,good
Review_11741,good
Review_11742,excellent
Review_11743,excellent
Review_11744,good
Review_11745,good
Review_11746,good
Review_11747,good
Review_11748,good
Review_11749,good
Review_11750,good
Review_11751,good
Review_11752,good
Review_11753,bad
Review_11754,bad
Review_11755,excellent
Review_11756,good
Review_11757,good
Review_11758,excellent
Review_11759,bad
Review_11760,bad
Review_11761,good
Review_11762,good
Review_11763,good
Review_11764,good
Review_11765,good
Review_11766,excellent
Review_11767,good
Review_11768,bad
Review_11769,good
Review_11770,excellent
Review_11771,good
Review_11772,good
Review_11773,good
Review_11774,good
Review_11775,good
Review_11776,good
Review_11777,good
Review_11778,good
Review_11779,good
Review_11780,good
Review_11781,excellent
Review_11782,excellent
Review_11783,good
Review_11784,good
Review_11785,excellent
Review_11786,good
Review_11787,good
Review_11788,good
Review_11789,excellent
Review_11790,good
Review_11791,good
Review_11792,excellent
Review_11793,good
Review_11794,good
Review_11795,good
Review_11796,bad
Review_11797,good
Review_11798,good
Review_11799,good
Review_11800,excellent
Review_11801,good
Review_11802,good
Review_11803,good
Review_11804,good
Review_11805,good
Review_11806,good
Review_11807,good
Review_11808,good
Review_11809,good
Review_11810,good
Review_11811,excellent
Review_11812,good
Review_11813,good
Review_11814,good
Review_11815,good
Review_11816,good
Review_11817,excellent
Review_11818,bad
Review_11819,good
Review_11820,good
Review_11821,excellent
Review_11822,excellent
Review_11823,excellent
Review_11824,excellent
Review_11825,bad
Review_11826,excellent
Review_11827,good
Review_11828,good
Review_11829,good
Review_11830,good
Review_11831,good
Review_11832,good
Review_11833,good
Review_11834,bad
Review_11835,bad
Review_11836,bad
Review_11837,good
Review_11838,good
Review_11839,good
Review_11840,bad
Review_11841,excellent
Review_11842,good
Review_11843,bad
Review_11844,bad
Review_11845,excellent
Review_11846,good
Review_11847,good
Review_11848,good
Review_11849,excellent
Review_11850,good
Review_11851,excellent
Review_11852,good
Review_11853,good
Review_11854,good
Review_11855,good
Review_11856,good
Review_11857,good
Review_11858,good
Review_11859,good
Review_11860,good
Review_11861,good
Review_11862,good
Review_11863,good
Review_11864,bad
Review_11865,good
Review_11866,good
Review_11867,good
Review_11868,good
Review_11869,good
Review_11870,good
Review_11871,good
Review_11872,good
Review_11873,good
Review_11874,good
Review_11875,good
Review_11876,good
Review_11877,good
Review_11878,good
Review_11879,good
Review_11880,good
Review_11881,good
Review_11882,good
Review_11883,good
Review_11884,good
Review_11885,good
Review_11886,good
Review_11887,good
Review_11888,good
Review_11889,good
Review_11890,good
Review_11891,good
Review_11892,good
Review_11893,good
Review_11894,good
Review_11895,good
Review_11896,excellent
Review_11897,good
Review_11898,excellent
Review_11899,good
Review_11900,excellent
Review_11901,good
Review_11902,good
Review_11903,excellent
Review_11904,good
Review_11905,good
Review_11906,good
Review_11907,good
Review_11908,excellent
Review_11909,good
Review_11910,good
Review_11911,good
Review_11912,excellent
Review_11913,bad
Review_11914,good
Review_11915,good
Review_11916,bad
Review_11917,bad
Review_11918,good
Review_11919,good
Review_11920,bad
Review_11921,good
Review_11922,good
Review_11923,excellent
Review_11924,bad
Review_11925,good
Review_11926,good
Review_11927,good
Review_11928,good
Review_11929,good
Review_11930,good
Review_11931,good
Review_11932,excellent
Review_11933,good
Review_11934,bad
Review_11935,good
Review_11936,good
Review_11937,good
Review_11938,bad
Review_11939,good
Review_11940,good
Review_11941,good
Review_11942,good
Review_11943,good
Review_11944,excellent
Review_11945,bad
Review_11946,good
Review_11947,bad
Review_11948,good
Review_11949,good
Review_11950,good
Review_11951,excellent
Review_11952,good
Review_11953,bad
Review_11954,good
Review_11955,excellent
Review_11956,good
Review_11957,good
Review_11958,good
Review_11959,bad
Review_11960,good
Review_11961,good
Review_11962,good
Review_11963,good
Review_11964,good
Review_11965,good
Review_11966,good
Review_11967,excellent
Review_11968,good
Review_11969,bad
Review_11970,excellent
Review_11971,excellent
Review_11972,good
Review_11973,good
Review_11974,bad
Review_11975,good
Review_11976,good
Review_11977,good
Review_11978,good
Review_11979,good
Review_11980,good
Review_11981,excellent
Review_11982,good
Review_11983,good
Review_11984,excellent
Review_11985,good
Review_11986,excellent
Review_11987,good
Review_11988,good
Review_11989,good
Review_11990,excellent
Review_11991,good
Review_11992,good
Review_11993,good
Review_11994,good
Review_11995,good
Review_11996,excellent
Review_11997,good
Review_11998,good
Review_11999,excellent
Review_12000,excellent
Review_12001,excellent
Review_12002,good
Review_12003,good
Review_12004,good
Review_12005,good
Review_12006,good
Review_12007,bad
Review_12008,good
Review_12009,excellent
Review_12010,good
Review_12011,good
Review_12012,excellent
Review_12013,good
Review_12014,good
Review_12015,good
Review_12016,good
Review_12017,good
Review_12018,good
Review_12019,good
Review_12020,good
Review_12021,good
Review_12022,good
Review_12023,excellent
Review_12024,good
Review_12025,excellent
Review_12026,excellent
Review_12027,good
Review_12028,excellent
Review_12029,excellent
Review_12030,good
Review_12031,excellent
Review_12032,good
Review_12033,good
Review_12034,good
Review_12035,excellent
Review_12036,excellent
Review_12037,good
Review_12038,good
Review_12039,good
Review_12040,good
Review_12041,good
Review_12042,good
Review_12043,good
Review_12044,good
Review_12045,good
Review_12046,excellent
Review_12047,good
Review_12048,good
Review_12049,excellent
Review_12050,excellent
Review_12051,good
Review_12052,excellent
Review_12053,good
Review_12054,good
Review_12055,bad
Review_12056,good
Review_12057,excellent
Review_12058,bad
Review_12059,good
Review_12060,good
Review_12061,good
Review_12062,good
Review_12063,good
Review_12064,good
Review_12065,good
Review_12066,good
Review_12067,excellent
Review_12068,good
Review_12069,excellent
Review_12070,good
Review_12071,good
Review_12072,good
Review_12073,good
Review_12074,good
Review_12075,good
Review_12076,good
Review_12077,bad
Review_12078,bad
Review_12079,good
Review_12080,good
Review_12081,good
Review_12082,good
Review_12083,good
Review_12084,good
Review_12085,good
Review_12086,good
Review_12087,good
Review_12088,excellent
Review_12089,bad
Review_12090,good
Review_12091,good
Review_12092,good
Review_12093,excellent
Review_12094,good
Review_12095,bad
Review_12096,good
Review_12097,bad
Review_12098,good
Review_12099,good
Review_12100,good
Review_12101,good
Review_12102,good
Review_12103,good
Review_12104,good
Review_12105,bad
Review_12106,good
Review_12107,good
Review_12108,excellent
Review_12109,good
Review_12110,good
Review_12111,good
Review_12112,good
Review_12113,good
Review_12114,good
Review_12115,good
Review_12116,good
Review_12117,excellent
Review_12118,good
Review_12119,bad
Review_12120,good
Review_12121,excellent
Review_12122,bad
Review_12123,good
Review_12124,good
Review_12125,bad
Review_12126,good
Review_12127,good
Review_12128,good
Review_12129,good
Review_12130,good
Review_12131,good
Review_12132,good
Review_12133,good
Review_12134,good
Review_12135,good
Review_12136,bad
Review_12137,good
Review_12138,good
Review_12139,good
Review_12140,good
Review_12141,good
Review_12142,good
Review_12143,good
Review_12144,good
Review_12145,bad
Review_12146,good
Review_12147,good
Review_12148,good
Review_12149,excellent
Review_12150,good
Review_12151,good
Review_12152,bad
Review_12153,bad
Review_12154,good
Review_12155,good
Review_12156,good
Review_12157,good
Review_12158,good
Review_12159,good
Review_12160,good
Review_12161,excellent
Review_12162,good
Review_12163,good
Review_12164,good
Review_12165,good
Review_12166,excellent
Review_12167,good
Review_12168,good
Review_12169,bad
Review_12170,good
Review_12171,bad
Review_12172,good
Review_12173,good
Review_12174,good
Review_12175,good
Review_12176,good
Review_12177,good
Review_12178,good
Review_12179,good
Review_12180,good
Review_12181,good
Review_12182,good
Review_12183,good
Review_12184,bad
Review_12185,good
Review_12186,bad
Review_12187,good
Review_12188,good
Review_12189,good
Review_12190,good
Review_12191,good
Review_12192,good
Review_12193,bad
Review_12194,good
Review_12195,bad
Review_12196,good
Review_12197,bad
Review_12198,excellent
Review_12199,good
Review_12200,good
Review_12201,good
Review_12202,good
Review_12203,good
Review_12204,good
Review_12205,good
Review_12206,good
Review_12207,good
Review_12208,good
Review_12209,good
Review_12210,good
Review_12211,good
Review_12212,good
Review_12213,good
Review_12214,good
Review_12215,good
Review_12216,good
Review_12217,good
Review_12218,good
Review_12219,good
Review_12220,good
Review_12221,excellent
Review_12222,good
Review_12223,good
Review_12224,good
Review_12225,excellent
Review_12226,good
Review_12227,bad
Review_12228,good
Review_12229,good
Review_12230,good
Review_12231,good
Review_12232,good
Review_12233,good
Review_12234,bad
Review_12235,good
Review_12236,good
Review_12237,good
Review_12238,good
Review_12239,good
Review_12240,excellent
Review_12241,good
Review_12242,good
Review_12243,bad
Review_12244,good
Review_12245,good
Review_12246,good
Review_12247,good
Review_12248,good
Review_12249,good
Review_12250,good
Review_12251,bad
Review_12252,good
Review_12253,good
Review_12254,excellent
Review_12255,bad
Review_12256,good
Review_12257,good
Review_12258,good
Review_12259,excellent
Review_12260,good
Review_12261,good
Review_12262,excellent
Review_12263,good
Review_12264,good
Review_12265,good
Review_12266,good
Review_12267,good
Review_12268,good
Review_12269,good
Review_12270,good
Review_12271,excellent
Review_12272,good
Review_12273,excellent
Review_12274,good
Review_12275,good
Review_12276,good
Review_12277,good
Review_12278,good
Review_12279,good
Review_12280,excellent
Review_12281,good
Review_12282,excellent
Review_12283,good
Review_12284,good
Review_12285,excellent
Review_12286,good
Review_12287,good
Review_12288,good
Review_12289,good
Review_12290,good
Review_12291,excellent
Review_12292,good
Review_12293,good
Review_12294,good
Review_12295,good
Review_12296,excellent
Review_12297,good
Review_12298,good
Review_12299,good
Review_12300,good
Review_12301,good
Review_12302,good
Review_12303,good
Review_12304,good
Review_12305,good
Review_12306,good
Review_12307,good
Review_12308,good
Review_12309,good
Review_12310,good
Review_12311,good
Review_12312,bad
Review_12313,good
Review_12314,good
Review_12315,good
Review_12316,good
Review_12317,good
Review_12318,bad
Review_12319,good
Review_12320,bad
Review_12321,good
Review_12322,excellent
Review_12323,good
Review_12324,good
Review_12325,good
Review_12326,good
Review_12327,good
Review_12328,good
Review_12329,bad
Review_12330,good
Review_12331,good
Review_12332,good
Review_12333,good
Review_12334,good
Review_12335,excellent
Review_12336,good
Review_12337,good
Review_12338,good
Review_12339,good
Review_12340,good
Review_12341,good
Review_12342,bad
Review_12343,good
Review_12344,good
Review_12345,bad
Review_12346,good
Review_12347,good
Review_12348,good
Review_12349,excellent
Review_12350,bad
Review_12351,good
Review_12352,good
Review_12353,good
Review_12354,good
Review_12355,bad
Review_12356,good
Review_12357,good
Review_12358,good
Review_12359,good
Review_12360,good
Review_12361,good
Review_12362,good
Review_12363,good
Review_12364,excellent
Review_12365,good
Review_12366,good
Review_12367,good
Review_12368,good
Review_12369,good
Review_12370,good
Review_12371,good
Review_12372,good
Review_12373,good
Review_12374,good
Review_12375,good
Review_12376,excellent
Review_12377,good
Review_12378,good
Review_12379,good
Review_12380,good
Review_12381,good
Review_12382,excellent
Review_12383,good
Review_12384,good
Review_12385,good
Review_12386,good
Review_12387,excellent
Review_12388,good
Review_12389,excellent
Review_12390,good
Review_12391,good
Review_12392,good
Review_12393,good
Review_12394,good
Review_12395,good
Review_12396,good
Review_12397,excellent
Review_12398,good
Review_12399,good
Review_12400,good
Review_12401,good
Review_12402,good
Review_12403,good
Review_12404,good
Review_12405,good
Review_12406,good
Review_12407,good
Review_12408,good
Review_12409,good
Review_12410,good
Review_12411,good
Review_12412,good
Review_12413,good
Review_12414,good
Review_12415,good
Review_12416,good
Review_12417,good
Review_12418,good
Review_12419,excellent
Review_12420,good
Review_12421,excellent
Review_12422,excellent
Review_12423,good
Review_12424,excellent
Review_12425,good
Review_12426,good
Review_12427,good
Review_12428,good
Review_12429,good
Review_12430,good
Review_12431,good
Review_12432,good
Review_12433,good
Review_12434,good
Review_12435,good
Review_12436,good
Review_12437,good
Review_12438,good
Review_12439,good
Review_12440,good
Review_12441,excellent
Review_12442,good
Review_12443,good
Review_12444,good
Review_12445,good
Review_12446,good
Review_12447,good
Review_12448,bad
Review_12449,bad
Review_12450,good
Review_12451,bad
Review_12452,good
Review_12453,bad
Review_12454,excellent
Review_12455,excellent
Review_12456,good
Review_12457,good
Review_12458,good
Review_12459,good
Review_12460,good
Review_12461,good
Review_12462,good
Review_12463,bad
Review_12464,good
Review_12465,good
Review_12466,good
Review_12467,excellent
Review_12468,good
Review_12469,good
Review_12470,good
Review_12471,good
Review_12472,excellent
Review_12473,good
Review_12474,good
Review_12475,excellent
Review_12476,good
Review_12477,good
Review_12478,good
Review_12479,good
Review_12480,good
Review_12481,good
Review_12482,excellent
Review_12483,good
Review_12484,good
Review_12485,good
Review_12486,good
Review_12487,good
Review_12488,good
Review_12489,good
Review_12490,good
Review_12491,good
Review_12492,excellent
Review_12493,good
Review_12494,good
Review_12495,good
Review_12496,good
Review_12497,good
Review_12498,good
Review_12499,good
Review_12500,good
Review_12501,good
Review_12502,good
Review_12503,good
Review_12504,excellent
Review_12505,good
Review_12506,good
Review_12507,bad
Review_12508,good
Review_12509,good
Review_12510,good
Review_12511,good
Review_12512,good
Review_12513,good
Review_12514,good
Review_12515,good
Review_12516,good
Review_12517,good
Review_12518,good
Review_12519,bad
Review_12520,bad
Review_12521,good
Review_12522,good
Review_12523,good
Review_12524,good
Review_12525,good
Review_12526,good
Review_12527,excellent
Review_12528,good
Review_12529,good
Review_12530,good
Review_12531,good
Review_12532,good
Review_12533,good
Review_12534,good
Review_12535,good
Review_12536,good
Review_12537,good
Review_12538,excellent
Review_12539,good
Review_12540,good
Review_12541,excellent
Review_12542,good
Review_12543,good
Review_12544,good
Review_12545,good
Review_12546,good
Review_12547,good
Review_12548,excellent
Review_12549,good
Review_12550,good
Review_12551,excellent
Review_12552,excellent
Review_12553,good
Review_12554,good
Review_12555,excellent
Review_12556,good
Review_12557,good
Review_12558,excellent
Review_12559,good
Review_12560,good
Review_12561,good
Review_12562,good
Review_12563,good
Review_12564,good
Review_12565,bad
Review_12566,good
Review_12567,bad
Review_12568,good
Review_12569,excellent
Review_12570,excellent
Review_12571,excellent
Review_12572,good
Review_12573,good
Review_12574,good
Review_12575,bad
Review_12576,good
Review_12577,good
Review_12578,excellent
Review_12579,good
Review_12580,good
Review_12581,excellent
Review_12582,good
Review_12583,excellent
Review_12584,good
Review_12585,good
Review_12586,good
Review_12587,excellent
Review_12588,bad
Review_12589,good
Review_12590,good
Review_12591,good
Review_12592,excellent
Review_12593,bad
Review_12594,bad
Review_12595,good
Review_12596,bad
Review_12597,good
Review_12598,good
Review_12599,good
Review_12600,good
Review_12601,excellent
Review_12602,good
Review_12603,good
Review_12604,good
Review_12605,good
Review_12606,excellent
Review_12607,excellent
Review_12608,good
Review_12609,good
Review_12610,good
Review_12611,good
Review_12612,good
Review_12613,good
Review_12614,good
Review_12615,good
Review_12616,good
Review_12617,good
Review_12618,good
Review_12619,good
Review_12620,excellent
Review_12621,good
Review_12622,excellent
Review_12623,good
Review_12624,good
Review_12625,good
Review_12626,good
Review_12627,excellent
Review_12628,good
Review_12629,good
Review_12630,bad
Review_12631,good
Review_12632,bad
Review_12633,bad
Review_12634,bad
Review_12635,good
Review_12636,good
Review_12637,excellent
Review_12638,bad
Review_12639,bad
Review_12640,good
Review_12641,excellent
Review_12642,excellent
Review_12643,bad
Review_12644,good
Review_12645,good
Review_12646,excellent
Review_12647,good
Review_12648,excellent
Review_12649,good
Review_12650,bad
Review_12651,good
Review_12652,good
Review_12653,good
Review_12654,excellent
Review_12655,good
Review_12656,excellent
Review_12657,good
Review_12658,good
Review_12659,bad
Review_12660,excellent
Review_12661,bad
Review_12662,good
Review_12663,bad
Review_12664,bad
Review_12665,bad
Review_12666,good
Review_12667,good
Review_12668,bad
Review_12669,good
Review_12670,good
Review_12671,good
Review_12672,good
Review_12673,good
Review_12674,good
Review_12675,good
Review_12676,good
Review_12677,good
Review_12678,good
Review_12679,good
Review_12680,excellent
Review_12681,good
Review_12682,good
Review_12683,good
Review_12684,excellent
Review_12685,good
Review_12686,good
Review_12687,good
Review_12688,good
Review_12689,excellent
Review_12690,bad
Review_12691,good
Review_12692,bad
Review_12693,bad
Review_12694,good
Review_12695,good
Review_12696,good
Review_12697,good
Review_12698,good
Review_12699,good
Review_12700,good
Review_12701,good
Review_12702,bad
Review_12703,good
Review_12704,good
Review_12705,good
Review_12706,good
Review_12707,good
Review_12708,bad
Review_12709,good
Review_12710,excellent
Review_12711,good
Review_12712,good
Review_12713,bad
Review_12714,excellent
Review_12715,excellent
Review_12716,good
Review_12717,good
Review_12718,excellent
Review_12719,good
Review_12720,good
Review_12721,good
Review_12722,excellent
Review_12723,good
Review_12724,bad
Review_12725,good
Review_12726,good
Review_12727,excellent
Review_12728,good
Review_12729,good
Review_12730,good
Review_12731,good
Review_12732,good
Review_12733,bad
Review_12734,bad
Review_12735,good
Review_12736,good
Review_12737,excellent
Review_12738,good
Review_12739,good
Review_12740,good
Review_12741,bad
Review_12742,excellent
Review_12743,good
Review_12744,good
Review_12745,excellent
Review_12746,excellent
Review_12747,good
Review_12748,good
Review_12749,good
Review_12750,good
Review_12751,excellent
Review_12752,good
Review_12753,excellent
Review_12754,good
Review_12755,excellent
Review_12756,good
Review_12757,bad
Review_12758,good
Review_12759,good
Review_12760,excellent
Review_12761,bad
Review_12762,good
Review_12763,bad
Review_12764,good
Review_12765,bad
Review_12766,good
Review_12767,good
Review_12768,good
Review_12769,bad
Review_12770,good
Review_12771,good
Review_12772,bad
Review_12773,good
Review_12774,good
Review_12775,good
Review_12776,good
Review_12777,excellent
Review_12778,good
Review_12779,good
Review_12780,good
Review_12781,good
Review_12782,good
Review_12783,good
Review_12784,excellent
Review_12785,good
Review_12786,excellent
Review_12787,good
Review_12788,excellent
Review_12789,good
Review_12790,excellent
Review_12791,good
Review_12792,excellent
Review_12793,good
Review_12794,bad
Review_12795,bad
Review_12796,good
Review_12797,excellent
Review_12798,excellent
Review_12799,bad
Review_12800,good
Review_12801,good
Review_12802,good
Review_12803,excellent
Review_12804,excellent
Review_12805,excellent
Review_12806,good
Review_12807,good
Review_12808,good
Review_12809,bad
Review_12810,good
Review_12811,good
Review_12812,bad
Review_12813,bad
Review_12814,good
Review_12815,excellent
Review_12816,bad
Review_12817,bad
Review_12818,good
Review_12819,good
Review_12820,bad
Review_12821,good
Review_12822,good
Review_12823,good
Review_12824,bad
Review_12825,bad
Review_12826,good
Review_12827,good
Review_12828,good
Review_12829,bad
Review_12830,bad
Review_12831,good
Review_12832,good
Review_12833,excellent
Review_12834,good
Review_12835,good
Review_12836,excellent
Review_12837,good
Review_12838,good
Review_12839,bad
Review_12840,good
Review_12841,good
Review_12842,excellent
Review_12843,good
Review_12844,good
Review_12845,good
Review_12846,good
Review_12847,good
Review_12848,good
Review_12849,good
Review_12850,good
Review_12851,good
Review_12852,good
Review_12853,good
Review_12854,good
Review_12855,good
Review_12856,bad
Review_12857,good
Review_12858,good
Review_12859,good
Review_12860,good
Review_12861,good
Review_12862,good
Review_12863,bad
Review_12864,good
Review_12865,good
Review_12866,good
Review_12867,good
Review_12868,good
Review_12869,good
Review_12870,good
Review_12871,good
Review_12872,good
Review_12873,good
Review_12874,good
Review_12875,excellent
Review_12876,good
Review_12877,good
Review_12878,good
Review_12879,good
Review_12880,good
Review_12881,bad
Review_12882,bad
Review_12883,bad
Review_12884,bad
Review_12885,good
Review_12886,bad
Review_12887,bad
Review_12888,bad
Review_12889,bad
Review_12890,bad
Review_12891,bad
Review_12892,bad
Review_12893,good
Review_12894,bad
Review_12895,good
Review_12896,good
Review_12897,good
Review_12898,bad
Review_12899,good
Review_12900,good
Review_12901,excellent
Review_12902,bad
Review_12903,good
Review_12904,bad
Review_12905,good
Review_12906,good
Review_12907,good
Review_12908,good
Review_12909,good
Review_12910,good
Review_12911,excellent
Review_12912,good
Review_12913,good
Review_12914,good
Review_12915,good
Review_12916,good
Review_12917,good
Review_12918,good
Review_12919,excellent
Review_12920,good
Review_12921,excellent
Review_12922,good
Review_12923,good
Review_12924,bad
Review_12925,excellent
Review_12926,excellent
Review_12927,bad
Review_12928,bad
Review_12929,bad
Review_12930,bad
Review_12931,good
Review_12932,good
Review_12933,good
Review_12934,good
Review_12935,good
Review_12936,good
Review_12937,excellent
Review_12938,excellent
Review_12939,good
Review_12940,excellent
Review_12941,good
Review_12942,good
Review_12943,good
Review_12944,good
Review_12945,good
Review_12946,good
Review_12947,excellent
Review_12948,good
Review_12949,good
Review_12950,good
Review_12951,bad
Review_12952,bad
Review_12953,good
Review_12954,bad
Review_12955,excellent
Review_12956,excellent
Review_12957,good
Review_12958,good
Review_12959,good
Review_12960,good
Review_12961,excellent
Review_12962,good
Review_12963,good
Review_12964,good
Review_12965,excellent
Review_12966,good
Review_12967,good
Review_12968,excellent
Review_12969,good
Review_12970,good
Review_12971,good
Review_12972,excellent
Review_12973,good
Review_12974,bad
Review_12975,good
Review_12976,good
Review_12977,good
Review_12978,bad
Review_12979,good
Review_12980,good
Review_12981,good
Review_12982,excellent
Review_12983,good
Review_12984,good
Review_12985,good
Review_12986,good
Review_12987,good
Review_12988,good
Review_12989,good
Review_12990,bad
Review_12991,bad
Review_12992,good
Review_12993,good
Review_12994,good
Review_12995,good
Review_12996,good
Review_12997,good
Review_12998,good
Review_12999,good
Review_13000,bad
Review_13001,excellent
Review_13002,good
Review_13003,good
Review_13004,excellent
Review_13005,good
Review_13006,good
Review_13007,good
Review_13008,good
Review_13009,good
Review_13010,good
Review_13011,excellent
Review_13012,good
Review_13013,bad
Review_13014,bad
Review_13015,good
Review_13016,bad
Review_13017,bad
Review_13018,good
Review_13019,good
Review_13020,good
Review_13021,good
Review_13022,good
Review_13023,good
Review_13024,good
Review_13025,good
Review_13026,good
Review_13027,good
Review_13028,good
Review_13029,good
Review_13030,excellent
Review_13031,good
Review_13032,good
Review_13033,excellent
Review_13034,good
Review_13035,good
Review_13036,excellent
Review_13037,good
Review_13038,excellent
Review_13039,good
Review_13040,good
Review_13041,good
Review_13042,bad
Review_13043,good
Review_13044,good
Review_13045,good
Review_13046,excellent
Review_13047,good
Review_13048,good
Review_13049,good
Review_13050,good
Review_13051,good
Review_13052,good
Review_13053,good
Review_13054,excellent
Review_13055,good
Review_13056,excellent
Review_13057,good
Review_13058,good
Review_13059,excellent
Review_13060,good
Review_13061,good
Review_13062,good
Review_13063,good
Review_13064,excellent
Review_13065,good
Review_13066,excellent
Review_13067,good
Review_13068,good
Review_13069,good
Review_13070,good
Review_13071,good
Review_13072,excellent
Review_13073,excellent
Review_13074,good
Review_13075,good
Review_13076,good
Review_13077,good
Review_13078,good
Review_13079,good
Review_13080,good
Review_13081,good
Review_13082,good
Review_13083,good
Review_13084,good
Review_13085,good
Review_13086,bad
Review_13087,good
Review_13088,good
Review_13089,good
Review_13090,good
Review_13091,good
Review_13092,bad
Review_13093,good
Review_13094,good
Review_13095,good
Review_13096,good
Review_13097,good
Review_13098,bad
Review_13099,good
Review_13100,good
Review_13101,good
Review_13102,good
Review_13103,good
Review_13104,bad
Review_13105,bad
Review_13106,good
Review_13107,bad
Review_13108,good
Review_13109,excellent
Review_13110,good
Review_13111,good
Review_13112,good
Review_13113,good
Review_13114,bad
Review_13115,good
Review_13116,good
Review_13117,excellent
Review_13118,excellent
Review_13119,good
Review_13120,good
Review_13121,good
Review_13122,good
Review_13123,bad
Review_13124,good
Review_13125,good
Review_13126,good
Review_13127,bad
Review_13128,good
Review_13129,excellent
Review_13130,excellent
Review_13131,excellent
Review_13132,good
Review_13133,excellent
Review_13134,good
Review_13135,good
Review_13136,excellent
Review_13137,excellent
Review_13138,excellent
Review_13139,excellent
Review_13140,good
Review_13141,good
Review_13142,excellent
Review_13143,good
Review_13144,good
Review_13145,good
Review_13146,good
Review_13147,excellent
Review_13148,good
Review_13149,bad
Review_13150,good
Review_13151,bad
Review_13152,bad
Review_13153,bad
Review_13154,good
Review_13155,good
Review_13156,good
Review_13157,bad
Review_13158,bad
Review_13159,bad
Review_13160,good
Review_13161,excellent
Review_13162,good
Review_13163,good
Review_13164,bad
Review_13165,good
Review_13166,good
Review_13167,good
Review_13168,good
Review_13169,excellent
Review_13170,good
Review_13171,good
Review_13172,good
Review_13173,good
Review_13174,excellent
Review_13175,good
Review_13176,excellent
Review_13177,good
Review_13178,good
Review_13179,good
Review_13180,bad
Review_13181,good
Review_13182,good
Review_13183,good
Review_13184,good
Review_13185,bad
Review_13186,bad
Review_13187,good
Review_13188,good
Review_13189,bad
Review_13190,good
Review_13191,bad
Review_13192,good
Review_13193,good
Review_13194,excellent
Review_13195,good
Review_13196,good
Review_13197,good
Review_13198,good
Review_13199,good
Review_13200,good
Review_13201,good
Review_13202,good
Review_13203,excellent
Review_13204,excellent
Review_13205,good
Review_13206,bad
Review_13207,good
Review_13208,bad
Review_13209,bad
Review_13210,good
Review_13211,good
Review_13212,good
Review_13213,bad
Review_13214,bad
Review_13215,excellent
Review_13216,bad
Review_13217,bad
Review_13218,bad
Review_13219,excellent
Review_13220,bad
Review_13221,bad
Review_13222,good
Review_13223,excellent
Review_13224,bad
Review_13225,good
Review_13226,bad
Review_13227,good
Review_13228,good
Review_13229,good
Review_13230,good
Review_13231,bad
Review_13232,good
Review_13233,good
Review_13234,excellent
Review_13235,good
Review_13236,good
Review_13237,good
Review_13238,good
Review_13239,bad
Review_13240,bad
Review_13241,good
Review_13242,excellent
Review_13243,bad
Review_13244,excellent
Review_13245,excellent
Review_13246,good
Review_13247,good
Review_13248,excellent
Review_13249,good
Review_13250,bad
Review_13251,good
Review_13252,bad
Review_13253,good
Review_13254,good
Review_13255,bad
Review_13256,good
Review_13257,good
Review_13258,bad
Review_13259,excellent
Review_13260,good
Review_13261,bad
Review_13262,excellent
Review_13263,good
Review_13264,good
Review_13265,bad
Review_13266,excellent
Review_13267,good
Review_13268,good
Review_13269,good
Review_13270,bad
Review_13271,good
Review_13272,excellent
Review_13273,good
Review_13274,good
Review_13275,bad
Review_13276,excellent
Review_13277,bad
Review_13278,good
Review_13279,good
Review_13280,good
Review_13281,good
Review_13282,excellent
Review_13283,good
Review_13284,good
Review_13285,excellent
Review_13286,bad
Review_13287,bad
Review_13288,good
Review_13289,good
Review_13290,good
Review_13291,good
Review_13292,bad
Review_13293,good
Review_13294,good
Review_13295,good
Review_13296,good
Review_13297,good
Review_13298,good
Review_13299,excellent
Review_13300,good
Review_13301,good
Review_13302,excellent
Review_13303,excellent
Review_13304,excellent
Review_13305,excellent
Review_13306,excellent
Review_13307,excellent
Review_13308,bad
Review_13309,good
Review_13310,good
Review_13311,good
Review_13312,good
Review_13313,good
Review_13314,good
Review_13315,good
Review_13316,excellent
Review_13317,good
Review_13318,good
Review_13319,excellent
Review_13320,good
Review_13321,bad
Review_13322,bad
Review_13323,good
Review_13324,bad
Review_13325,bad
Review_13326,good
Review_13327,good
Review_13328,bad
Review_13329,good
Review_13330,excellent
Review_13331,bad
Review_13332,good
Review_13333,good
Review_13334,good
Review_13335,good
Review_13336,good
Review_13337,bad
Review_13338,bad
Review_13339,good
Review_13340,good
Review_13341,good
Review_13342,good
Review_13343,good
Review_13344,good
Review_13345,good
Review_13346,good
Review_13347,good
Review_13348,bad
Review_13349,good
Review_13350,good
Review_13351,good
Review_13352,good
Review_13353,good
Review_13354,good
Review_13355,good
Review_13356,good
Review_13357,excellent
Review_13358,good
Review_13359,good
Review_13360,excellent
Review_13361,bad
Review_13362,good
Review_13363,bad
Review_13364,excellent
Review_13365,good
Review_13366,excellent
Review_13367,good
Review_13368,good
Review_13369,bad
Review_13370,bad
Review_13371,bad
Review_13372,good
Review_13373,good
Review_13374,good
Review_13375,good
Review_13376,good
Review_13377,excellent
Review_13378,good
Review_13379,good
Review_13380,excellent
Review_13381,bad
Review_13382,good
Review_13383,excellent
Review_13384,excellent
Review_13385,good
Review_13386,good
Review_13387,excellent
Review_13388,good
Review_13389,excellent
Review_13390,good
Review_13391,excellent
Review_13392,excellent
Review_13393,excellent
Review_13394,good
Review_13395,excellent
Review_13396,good
Review_13397,good
Review_13398,good
Review_13399,excellent
Review_13400,good
Review_13401,good
Review_13402,bad
Review_13403,good
Review_13404,good
Review_13405,bad
Review_13406,bad
Review_13407,bad
Review_13408,good
Review_13409,good
Review_13410,good
Review_13411,good
Review_13412,bad
Review_13413,good
Review_13414,bad
Review_13415,good
Review_13416,good
Review_13417,good
Review_13418,good
Review_13419,excellent
Review_13420,good
Review_13421,good
Review_13422,good
Review_13423,good
Review_13424,excellent
Review_13425,good
Review_13426,excellent
Review_13427,excellent
Review_13428,good
Review_13429,good
Review_13430,good
Review_13431,good
Review_13432,excellent
Review_13433,good
Review_13434,bad
Review_13435,good
Review_13436,bad
Review_13437,good
Review_13438,bad
Review_13439,good
Review_13440,bad
Review_13441,good
Review_13442,good
Review_13443,good
Review_13444,bad
Review_13445,good
Review_13446,good
Review_13447,good
Review_13448,bad
Review_13449,good
Review_13450,good
Review_13451,good
Review_13452,good
Review_13453,bad
Review_13454,good
Review_13455,good
Review_13456,good
Review_13457,good
Review_13458,bad
Review_13459,bad
Review_13460,good
Review_13461,bad
Review_13462,good
Review_13463,good
Review_13464,bad
Review_13465,good
Review_13466,bad
Review_13467,good
Review_13468,bad
Review_13469,excellent
Review_13470,bad
Review_13471,bad
Review_13472,good
Review_13473,good
Review_13474,good
Review_13475,bad
Review_13476,excellent
Review_13477,good
Review_13478,good
Review_13479,bad
Review_13480,good
Review_13481,bad
Review_13482,bad
Review_13483,excellent
Review_13484,good
Review_13485,good
Review_13486,good
Review_13487,good
Review_13488,bad
Review_13489,bad
Review_13490,good
Review_13491,good
Review_13492,good
Review_13493,good
Review_13494,good
Review_13495,good
Review_13496,good
Review_13497,excellent
Review_13498,excellent
Review_13499,good
Review_13500,good
Review_13501,good
Review_13502,good
Review_13503,good
Review_13504,good
Review_13505,good
Review_13506,bad
Review_13507,good
Review_13508,good
Review_13509,excellent
Review_13510,good
Review_13511,excellent
Review_13512,good
Review_13513,good
Review_13514,excellent
Review_13515,good
Review_13516,good
Review_13517,good
Review_13518,excellent
Review_13519,good
Review_13520,good
Review_13521,good
Review_13522,excellent
Review_13523,good
Review_13524,bad
Review_13525,good
Review_13526,good
Review_13527,good
Review_13528,good
Review_13529,good
Review_13530,good
Review_13531,bad
Review_13532,good
Review_13533,excellent
Review_13534,excellent
Review_13535,excellent
Review_13536,good
Review_13537,excellent
Review_13538,good
Review_13539,excellent
Review_13540,good
Review_13541,good
Review_13542,good
Review_13543,bad
Review_13544,good
Review_13545,bad
Review_13546,bad
Review_13547,good
Review_13548,good
Review_13549,good
Review_13550,good
Review_13551,good
Review_13552,good
Review_13553,bad
Review_13554,bad
Review_13555,bad
Review_13556,good
Review_13557,bad
Review_13558,bad
Review_13559,good
Review_13560,good
Review_13561,bad
Review_13562,bad
Review_13563,good
Review_13564,bad
Review_13565,good
Review_13566,bad
Review_13567,good
Review_13568,good
Review_13569,good
Review_13570,good
Review_13571,good
Review_13572,good
Review_13573,good
Review_13574,good
Review_13575,good
Review_13576,bad
Review_13577,bad
Review_13578,bad
Review_13579,good
Review_13580,good
Review_13581,excellent
Review_13582,good
Review_13583,bad
Review_13584,bad
Review_13585,good
Review_13586,good
Review_13587,good
Review_13588,good
Review_13589,good
Review_13590,good
Review_13591,good
Review_13592,good
Review_13593,excellent
Review_13594,bad
Review_13595,bad
Review_13596,bad
Review_13597,good
Review_13598,good
Review_13599,good
Review_13600,good
Review_13601,bad
Review_13602,good
Review_13603,good
Review_13604,good
Review_13605,good
Review_13606,good
Review_13607,good
Review_13608,good
Review_13609,excellent
Review_13610,excellent
Review_13611,good
Review_13612,good
Review_13613,good
Review_13614,bad
Review_13615,excellent
Review_13616,good
Review_13617,good
Review_13618,good
Review_13619,good
Review_13620,good
Review_13621,good
Review_13622,excellent
Review_13623,good
Review_13624,good
Review_13625,good
Review_13626,good
Review_13627,good
Review_13628,excellent
Review_13629,good
Review_13630,good
Review_13631,excellent
Review_13632,excellent
Review_13633,excellent
Review_13634,good
Review_13635,excellent
Review_13636,excellent
Review_13637,good
Review_13638,good
Review_13639,good
Review_13640,good
Review_13641,good
Review_13642,excellent
Review_13643,good
Review_13644,good
Review_13645,good
Review_13646,good
Review_13647,good
Review_13648,good
Review_13649,good
Review_13650,good
Review_13651,good
Review_13652,excellent
Review_13653,good
Review_13654,good
Review_13655,good
Review_13656,good
Review_13657,good
Review_13658,good
Review_13659,good
Review_13660,good
Review_13661,good
Review_13662,good
Review_13663,good
Review_13664,excellent
Review_13665,good
Review_13666,good
Review_13667,good
Review_13668,good
Review_13669,excellent
Review_13670,good
Review_13671,good
Review_13672,good
Review_13673,bad
Review_13674,good
Review_13675,good
Review_13676,good
Review_13677,bad
Review_13678,good
Review_13679,good
Review_13680,good
Review_13681,excellent
Review_13682,good
Review_13683,good
Review_13684,bad
Review_13685,good
Review_13686,good
Review_13687,bad
Review_13688,bad
Review_13689,good
Review_13690,excellent
Review_13691,good
Review_13692,good
Review_13693,good
Review_13694,good
Review_13695,good
Review_13696,bad
Review_13697,good
Review_13698,good
Review_13699,good
Review_13700,bad
Review_13701,good
Review_13702,good
Review_13703,bad
Review_13704,good
Review_13705,good
Review_13706,good
Review_13707,good
Review_13708,good
Review_13709,good
Review_13710,bad
Review_13711,excellent
Review_13712,excellent
Review_13713,good
Review_13714,good
Review_13715,excellent
Review_13716,good
Review_13717,good
Review_13718,good
Review_13719,good
Review_13720,good
Review_13721,good
Review_13722,bad
Review_13723,good
Review_13724,bad
Review_13725,bad
Review_13726,good
Review_13727,good
Review_13728,good
Review_13729,excellent
Review_13730,good
Review_13731,bad
Review_13732,good
Review_13733,good
Review_13734,good
Review_13735,excellent
Review_13736,good
Review_13737,good
Review_13738,good
Review_13739,good
Review_13740,good
Review_13741,good
Review_13742,good
Review_13743,bad
Review_13744,good
Review_13745,good
Review_13746,good
Review_13747,good
Review_13748,good
Review_13749,good
Review_13750,excellent
Review_13751,good
Review_13752,good
Review_13753,excellent
Review_13754,good
Review_13755,bad
Review_13756,excellent
Review_13757,bad
Review_13758,excellent
Review_13759,bad
Review_13760,good
Review_13761,excellent
Review_13762,good
Review_13763,good
Review_13764,good
Review_13765,good
Review_13766,good
Review_13767,good
Review_13768,good
Review_13769,excellent
Review_13770,excellent
Review_13771,good
Review_13772,excellent
Review_13773,good
Review_13774,excellent
Review_13775,good
Review_13776,good
Review_13777,excellent
Review_13778,good
Review_13779,bad
Review_13780,bad
Review_13781,good
Review_13782,good
Review_13783,good
Review_13784,bad
Review_13785,bad
Review_13786,bad
Review_13787,bad
Review_13788,bad
Review_13789,bad
Review_13790,bad
Review_13791,bad
Review_13792,good
Review_13793,good
Review_13794,good
Review_13795,excellent
Review_13796,good
Review_13797,excellent
Review_13798,excellent
Review_13799,good
Review_13800,excellent
Review_13801,good
Review_13802,good
Review_13803,good
Review_13804,good
Review_13805,good
Review_13806,good
Review_13807,good
Review_13808,bad
Review_13809,good
Review_13810,good
Review_13811,good
Review_13812,good
Review_13813,excellent
Review_13814,good
Review_13815,good
Review_13816,bad
Review_13817,excellent
Review_13818,good
Review_13819,good
Review_13820,good
Review_13821,good
Review_13822,good
Review_13823,excellent
Review_13824,good
Review_13825,good
Review_13826,good
Review_13827,excellent
Review_13828,good
Review_13829,good
Review_13830,good
Review_13831,excellent
Review_13832,good
Review_13833,good
Review_13834,good
Review_13835,good
Review_13836,good
Review_13837,good
Review_13838,bad
Review_13839,good
Review_13840,excellent
Review_13841,good
Review_13842,good
Review_13843,good
Review_13844,excellent
Review_13845,excellent
Review_13846,excellent
Review_13847,good
Review_13848,good
Review_13849,excellent
Review_13850,good
Review_13851,good
Review_13852,excellent
Review_13853,good
Review_13854,good
Review_13855,good
Review_13856,bad
Review_13857,good
Review_13858,good
Review_13859,excellent
Review_13860,excellent
Review_13861,good
Review_13862,good
Review_13863,good
Review_13864,good
Review_13865,good
Review_13866,excellent
Review_13867,good
Review_13868,good
Review_13869,good
Review_13870,good
Review_13871,good
Review_13872,good
Review_13873,excellent
Review_13874,excellent
Review_13875,good
Review_13876,excellent
Review_13877,good
Review_13878,good
Review_13879,excellent
Review_13880,good
Review_13881,good
Review_13882,good
Review_13883,good
Review_13884,excellent
Review_13885,good
Review_13886,good
Review_13887,bad
Review_13888,excellent
Review_13889,excellent
Review_13890,excellent
Review_13891,good
Review_13892,excellent
Review_13893,good
Review_13894,good
Review_13895,excellent
Review_13896,good
Review_13897,good
Review_13898,good
Review_13899,good
Review_13900,good
Review_13901,good
Review_13902,good
Review_13903,good
Review_13904,excellent
Review_13905,excellent
Review_13906,excellent
Review_13907,excellent
Review_13908,excellent
Review_13909,excellent
Review_13910,excellent
Review_13911,good
Review_13912,good
Review_13913,good
Review_13914,good
Review_13915,good
Review_13916,good
Review_13917,excellent
Review_13918,excellent
Review_13919,good
Review_13920,good
Review_13921,good
Review_13922,good
Review_13923,good
Review_13924,good
Review_13925,good
Review_13926,good
Review_13927,good
Review_13928,excellent
Review_13929,good
Review_13930,good
Review_13931,good
Review_13932,excellent
Review_13933,bad
Review_13934,good
Review_13935,excellent
Review_13936,excellent
Review_13937,good
Review_13938,good
Review_13939,good
Review_13940,excellent
Review_13941,good
Review_13942,good
Review_13943,good
Review_13944,good
Review_13945,good
Review_13946,good
Review_13947,excellent
Review_13948,excellent
Review_13949,excellent
Review_13950,good
Review_13951,good
Review_13952,good
Review_13953,bad
Review_13954,good
Review_13955,excellent
Review_13956,good
Review_13957,good
Review_13958,good
Review_13959,excellent
Review_13960,good
Review_13961,good
Review_13962,excellent
Review_13963,good
Review_13964,excellent
Review_13965,good
Review_13966,excellent
Review_13967,excellent
Review_13968,good
Review_13969,good
Review_13970,good
Review_13971,excellent
Review_13972,good
Review_13973,bad
Review_13974,good
Review_13975,excellent
Review_13976,bad
Review_13977,good
Review_13978,good
Review_13979,good
Review_13980,excellent
Review_13981,excellent
Review_13982,excellent
Review_13983,excellent
Review_13984,good
Review_13985,excellent
Review_13986,good
Review_13987,good
Review_13988,good
Review_13989,good
Review_13990,excellent
Review_13991,good
Review_13992,excellent
Review_13993,good
Review_13994,good
Review_13995,bad
Review_13996,good
Review_13997,good
Review_13998,good
Review_13999,excellent
Review_14000,good
Review_14001,good
Review_14002,good
Review_14003,bad
Review_14004,good
Review_14005,good
Review_14006,good
Review_14007,good
Review_14008,good
Review_14009,good
Review_14010,good
Review_14011,good
Review_14012,bad
Review_14013,excellent
Review_14014,good
Review_14015,bad
Review_14016,good
Review_14017,good
Review_14018,good
Review_14019,good
Review_14020,excellent
Review_14021,good
Review_14022,good
Review_14023,good
Review_14024,excellent
Review_14025,excellent
Review_14026,bad
Review_14027,good
Review_14028,bad
Review_14029,good
Review_14030,excellent
Review_14031,excellent
Review_14032,good
Review_14033,excellent
Review_14034,bad
Review_14035,excellent
Review_14036,good
Review_14037,excellent
Review_14038,bad
Review_14039,good
Review_14040,excellent
Review_14041,good
Review_14042,good
Review_14043,good
Review_14044,excellent
Review_14045,good
Review_14046,good
Review_14047,excellent
Review_14048,good
Review_14049,good
Review_14050,good
Review_14051,good
Review_14052,excellent
Review_14053,good
Review_14054,excellent
Review_14055,excellent
Review_14056,good
Review_14057,excellent
Review_14058,good
Review_14059,good
Review_14060,good
Review_14061,good
Review_14062,good
Review_14063,good
Review_14064,good
Review_14065,good
Review_14066,excellent
Review_14067,good
Review_14068,good
Review_14069,good
Review_14070,good
Review_14071,good
Review_14072,good
Review_14073,good
Review_14074,good
Review_14075,good
Review_14076,good
Review_14077,good
Review_14078,bad
Review_14079,good
Review_14080,excellent
Review_14081,good
Review_14082,excellent
Review_14083,excellent
Review_14084,good
Review_14085,excellent
Review_14086,bad
Review_14087,bad
Review_14088,good
Review_14089,good
Review_14090,good
Review_14091,good
Review_14092,bad
Review_14093,good
Review_14094,good
Review_14095,good
Review_14096,good
Review_14097,good
Review_14098,good
Review_14099,excellent
Review_14100,excellent
Review_14101,good
Review_14102,bad
Review_14103,good
Review_14104,good
Review_14105,good
Review_14106,excellent
Review_14107,good
Review_14108,good
Review_14109,excellent
Review_14110,good
Review_14111,excellent
Review_14112,good
Review_14113,good
Review_14114,excellent
Review_14115,good
Review_14116,good
Review_14117,good
Review_14118,good
Review_14119,good
Review_14120,good
Review_14121,good
Review_14122,good
Review_14123,good
Review_14124,excellent
Review_14125,good
Review_14126,good
Review_14127,excellent
Review_14128,good
Review_14129,good
Review_14130,good
Review_14131,bad
Review_14132,good
Review_14133,good
Review_14134,good
Review_14135,good
Review_14136,excellent
Review_14137,good
Review_14138,good
Review_14139,excellent
Review_14140,good
Review_14141,good
Review_14142,good
Review_14143,excellent
Review_14144,good
Review_14145,good
Review_14146,good
Review_14147,good
Review_14148,good
Review_14149,bad
Review_14150,good
Review_14151,good
Review_14152,good
Review_14153,good
Review_14154,bad
Review_14155,good
Review_14156,good
Review_14157,excellent
Review_14158,good
Review_14159,good
Review_14160,good
Review_14161,good
Review_14162,good
Review_14163,excellent
Review_14164,good
Review_14165,good
Review_14166,good
Review_14167,bad
Review_14168,good
Review_14169,excellent
Review_14170,excellent
Review_14171,good
Review_14172,good
Review_14173,good
Review_14174,bad
Review_14175,bad
Review_14176,good
Review_14177,excellent
Review_14178,good
Review_14179,good
Review_14180,excellent
Review_14181,excellent
Review_14182,good
Review_14183,good
Review_14184,good
Review_14185,good
Review_14186,good
Review_14187,excellent
Review_14188,good
Review_14189,good
Review_14190,good
Review_14191,excellent
Review_14192,good
Review_14193,good
Review_14194,good
Review_14195,good
Review_14196,excellent
Review_14197,bad
Review_14198,good
Review_14199,good
Review_14200,good
Review_14201,good
Review_14202,good
Review_14203,good
Review_14204,good
Review_14205,excellent
Review_14206,good
Review_14207,good
Review_14208,bad
Review_14209,good
Review_14210,good
Review_14211,good
Review_14212,bad
Review_14213,bad
Review_14214,bad
Review_14215,bad
Review_14216,good
Review_14217,good
Review_14218,good
Review_14219,good
Review_14220,good
Review_14221,bad
Review_14222,good
Review_14223,good
Review_14224,bad
Review_14225,bad
Review_14226,good
Review_14227,good
Review_14228,good
Review_14229,good
Review_14230,bad
Review_14231,good
Review_14232,bad
Review_14233,bad
Review_14234,bad
Review_14235,bad
Review_14236,bad
Review_14237,good
Review_14238,good
Review_14239,good
Review_14240,good
Review_14241,excellent
Review_14242,good
Review_14243,good
Review_14244,good
Review_14245,good
Review_14246,bad
Review_14247,good
Review_14248,bad
Review_14249,good
Review_14250,good
Review_14251,good
Review_14252,good
Review_14253,good
Review_14254,good
Review_14255,good
Review_14256,bad
Review_14257,good
Review_14258,good
Review_14259,good
Review_14260,good
Review_14261,good
Review_14262,good
Review_14263,good
Review_14264,good
Review_14265,good
Review_14266,good
Review_14267,good
Review_14268,good
Review_14269,bad
Review_14270,bad
Review_14271,good
Review_14272,bad
Review_14273,bad
Review_14274,good
Review_14275,bad
Review_14276,bad
Review_14277,bad
Review_14278,bad
Review_14279,bad
Review_14280,good
Review_14281,good
Review_14282,bad
Review_14283,bad
Review_14284,good
Review_14285,bad
Review_14286,bad
Review_14287,good
Review_14288,good
Review_14289,bad
Review_14290,good
Review_14291,excellent
Review_14292,good
Review_14293,good
Review_14294,good
Review_14295,good
Review_14296,bad
Review_14297,good
Review_14298,good
Review_14299,good
Review_14300,bad
Review_14301,bad
Review_14302,good
Review_14303,good
Review_14304,bad
Review_14305,bad
Review_14306,good
Review_14307,good
Review_14308,good
Review_14309,bad
Review_14310,bad
Review_14311,good
Review_14312,good
Review_14313,bad
Review_14314,excellent
Review_14315,good
Review_14316,good
Review_14317,good
Review_14318,bad
Review_14319,good
Review_14320,good
Review_14321,excellent
Review_14322,good
Review_14323,excellent
Review_14324,good
Review_14325,good
Review_14326,good
Review_14327,excellent
Review_14328,excellent
Review_14329,excellent
Review_14330,excellent
Review_14331,good
Review_14332,excellent
Review_14333,good
Review_14334,excellent
Review_14335,bad
Review_14336,good
Review_14337,good
Review_14338,good
Review_14339,good
Review_14340,good
Review_14341,excellent
Review_14342,good
Review_14343,excellent
Review_14344,good
Review_14345,excellent
Review_14346,bad
Review_14347,good
Review_14348,excellent
Review_14349,good
Review_14350,good
Review_14351,excellent
Review_14352,good
Review_14353,good
Review_14354,bad
Review_14355,good
Review_14356,good
Review_14357,good
Review_14358,good
Review_14359,good
Review_14360,good
Review_14361,good
Review_14362,good
Review_14363,good
Review_14364,good
Review_14365,good
Review_14366,bad
Review_14367,good
Review_14368,good
Review_14369,good
Review_14370,good
Review_14371,good
Review_14372,good
Review_14373,excellent
Review_14374,good
Review_14375,good
Review_14376,good
Review_14377,excellent
Review_14378,excellent
Review_14379,excellent
Review_14380,good
Review_14381,excellent
Review_14382,excellent
Review_14383,good
Review_14384,excellent
Review_14385,excellent
Review_14386,excellent
Review_14387,good
Review_14388,excellent
Review_14389,excellent
Review_14390,excellent
Review_14391,excellent
Review_14392,excellent
Review_14393,excellent
Review_14394,bad
Review_14395,excellent
Review_14396,good
Review_14397,excellent
Review_14398,excellent
Review_14399,excellent
Review_14400,excellent
Review_14401,excellent
Review_14402,excellent
Review_14403,excellent
Review_14404,good
Review_14405,good
Review_14406,excellent
Review_14407,good
Review_14408,excellent
Review_14409,excellent
Review_14410,excellent
Review_14411,excellent
Review_14412,excellent
Review_14413,excellent
Review_14414,good
Review_14415,good
Review_14416,excellent
Review_14417,bad
Review_14418,good
Review_14419,excellent
Review_14420,excellent
Review_14421,excellent
Review_14422,excellent
Review_14423,good
Review_14424,excellent
Review_14425,excellent
Review_14426,excellent
Review_14427,good
Review_14428,excellent
Review_14429,excellent
Review_14430,good
Review_14431,excellent
Review_14432,excellent
Review_14433,good
Review_14434,excellent
Review_14435,excellent
Review_14436,excellent
Review_14437,good
Review_14438,excellent
Review_14439,excellent
Review_14440,excellent
Review_14441,good
Review_14442,excellent
Review_14443,excellent
Review_14444,excellent
Review_14445,good
Review_14446,good
Review_14447,excellent
Review_14448,excellent
Review_14449,good
Review_14450,excellent
Review_14451,excellent
Review_14452,excellent
Review_14453,good
Review_14454,excellent
Review_14455,good
Review_14456,excellent
Review_14457,excellent
Review_14458,excellent
Review_14459,excellent
Review_14460,excellent
Review_14461,excellent
Review_14462,excellent
Review_14463,excellent
Review_14464,good
Review_14465,good
Review_14466,good
Review_14467,good
Review_14468,excellent
